asset,variant,resolution,size
pasture-hero,desktop,1844x853,145 KB
pasture-hero,mobile,1000x463,69 KB
hero-our-team,desktop,1536x1024,102 KB
hero-our-team,mobile,1000x667,57 KB
hero-speech-language-therapy,desktop,1536x1024,103 KB
hero-speech-language-therapy,mobile,1000x667,59 KB
hero-sponsorships,desktop,1536x1024,135 KB
hero-sponsorships,mobile,1000x667,76 KB
hero-impact-and-stewardship,desktop,1536x1024,117 KB
hero-impact-and-stewardship,mobile,1000x667,66 KB
hero-for-families,desktop,1536x1024,105 KB
hero-for-families,mobile,1000x667,59 KB
hero-for-referring-providers,desktop,1536x1024,78 KB
hero-for-referring-providers,mobile,1000x667,45 KB
hero-counseling,desktop,1536x1024,139 KB
hero-counseling,mobile,1000x667,75 KB
hero-shop,desktop,984x223,36 KB
hero-shop,mobile,984x223,36 KB
hero-join-our-team,desktop,1536x1024,101 KB
hero-join-our-team,mobile,1000x667,56 KB
hero-home,desktop,2014x781,98 KB
hero-home,mobile,1000x388,39 KB
hero-payment-and-insurance,desktop,1536x1024,98 KB
hero-payment-and-insurance,mobile,1000x667,56 KB
hero-equine-assisted-learning,desktop,1536x1024,143 KB
hero-equine-assisted-learning,mobile,1000x667,78 KB
hero-our-mission,desktop,1536x1024,228 KB
hero-our-mission,mobile,1000x667,119 KB
hero-our-partners,desktop,1536x1024,108 KB
hero-our-partners,mobile,1000x667,62 KB
hero-services,desktop,1536x1024,131 KB
hero-services,mobile,1000x667,77 KB
hero-give,desktop,1536x1024,138 KB
hero-give,mobile,1000x667,81 KB
hero-faq,desktop,1536x1024,121 KB
hero-faq,mobile,1000x667,68 KB
hero-contact,desktop,1536x1024,97 KB
hero-contact,mobile,1000x667,53 KB
hero-physical-therapy,desktop,1536x1024,108 KB
hero-physical-therapy,mobile,1000x667,60 KB
hero-book-online,desktop,1536x1024,98 KB
hero-book-online,mobile,1000x667,55 KB
hero-our-horses,desktop,1536x1024,246 KB
hero-our-horses,mobile,1000x667,136 KB
hero-occupational-therapy,desktop,1536x1024,100 KB
hero-occupational-therapy,mobile,1000x667,56 KB